station_id,station_name,city,country,timezone,latitude,longitude,source,source_download_id,uk_air_internal_id,source_name_check,availability_start,coordinates_source
IE0028A,Dublin Rathmines,Dublin,IE,Europe/Dublin,53.32200,-6.26720,epa,EPA-22,,,2022-01-01,EEA metadata ireland.csv (report year 2025)
IE005AP,Dublin Kilmainham,Dublin,IE,Europe/Dublin,53.34584,-6.29480,epa,EPA-57,,,2022-01-01,EEA metadata ireland.csv (report year 2025)
IE004BP,Cork UCC,Cork,IE,Europe/Dublin,51.90012,-8.48637,epa,EPA-21,,,2022-01-01,EEA metadata ireland.csv (report year 2025)
IE007CP,Limerick Peoples Park,Limerick,IE,Europe/Dublin,52.65856,-8.62870,epa,EPA-39,,,2022-01-01,EEA metadata ireland.csv (report year 2025)
IE005CP,Waterford Paddy Brownes Road,Waterford,IE,Europe/Dublin,52.24706,-7.15163,epa,EPA-59,,,2022-01-01,EEA metadata ireland.csv (report year 2025)
IE009GY,Galway Briarhill,Galway,IE,Europe/Dublin,53.29209,-8.98703,epa,EPA-109,,,2022-12-22,EEA metadata ireland.csv (report year 2025)
GB0567A,Belfast Centre,Belfast,GB,Europe/London,54.59965,-5.92883,uk_air,BEL2,UKA00212,belfast centre,2018-01-01,EEA metadata UK.csv (report year 2020)
GB1060A,Derry Rosemount,Derry,GB,Europe/London,55.00282,-7.33118,uk_air,DERR,UKA00619,derry,2018-01-01,EEA metadata UK.csv (report year 2020)
GB0566A,London Bloomsbury,London,GB,Europe/London,51.52229,-0.12589,uk_air,CLL2,UKA00211,bloomsbury,2018-01-01,EEA metadata UK.csv (report year 2020)
GB0743A,London Westminster,London,GB,Europe/London,51.49467,-0.13193,uk_air,HORS,UKA00435,westminster,2018-04-01,EEA metadata UK.csv (report year 2020)
GR0039A,Athens Agia Paraskevi,Athens,GR,Europe/Athens,37.99511,23.81942,eea,GR0039A,,,2018-01-01,EEA metadata greece.csv (report year 2024)
GR0035A,Athens Lykovrisi,Athens,GR,Europe/Athens,38.06779,23.78899,eea,GR0035A,,,2018-01-01,EEA metadata greece.csv (report year 2024)
DK0034A,Copenhagen,Copenhagen,DK,Europe/Copenhagen,55.67430,12.57110,eea,DK0034A,,,2018-01-01,EEA metadata denmark.csv (report year 2025)
IT1692A,Milan Pascal,Milan,IT,Europe/Rome,45.47833,9.23583,eea,IT1692A,,,2018-01-01,EEA metadata italy.csv (report year 2025)
IT1016A,Milan Senato,Milan,IT,Europe/Rome,45.46972,9.19806,eea,IT1016A,,,2018-01-01,EEA metadata italy.csv (report year 2025)
FR04002,Paris Gennevilliers,Paris,FR,Europe/Paris,48.93032,2.29435,eea,FR04002,,,2018-01-01,EEA metadata france.csv (report year 2025)
FR04058,Paris Saint-Denis,Paris,FR,Europe/Paris,48.92528,2.35667,eea,FR04058,,,2018-01-01,EEA metadata france.csv (report year 2025)
