"Date and Time","NO<sub>2</sub>","PM<sub>10</sub>","PM<sub>2.5</sub>"
"2025-01-03 01:00:00",32.86,16.14,14.25
"2025-01-03 02:00:00",23.81,15.61,13.72
"2025-01-03 03:00:00",20.73,16.21,14.46
"2025-01-03 04:00:00",26.26,13.93,12.57
"2025-01-03 05:00:00",30.12,11.87,10.87
"2025-01-03 06:00:00",40.1,12.18,10.71
"2025-01-03 07:00:00",45.67,11.38,9.96
"2025-01-03 08:00:00",46.75,11.2,9.15
"2025-01-03 09:00:00",44.16,9.65,7.65
"2025-01-03 10:00:00",45.42,9.94,7.09
"2025-01-03 11:00:00",51.59,9.04,6.34
"2025-01-03 12:00:00",43.39,9.45,5.54
"2025-01-03 13:00:00",43.96,8.02,4.79
"2025-01-03 14:00:00",37.77,8.64,5.35
"2025-01-03 15:00:00",45.89,8.87,5.99
"2025-01-03 16:00:00",60.56,9.9,6.78
"2025-01-03 17:00:00",72.19,12.17,8.14
"2025-01-03 18:00:00",69.75,14.8,10.23
"2025-01-03 19:00:00",71.77,16.17,13.47
"2025-01-03 20:00:00",68.98,17.37,15.14
"2025-01-03 21:00:00",63.72,15.63,13.49
"2025-01-03 22:00:00",68.86,17.86,15.56
"2025-01-03 23:00:00",72.07,19.88,17.41
"2025-01-04 00:00:00",66.34,17.56,15.84
"2025-01-04 01:00:00",73.23,13.43,11.46
"2025-01-04 02:00:00",62.91,10.38,8.78
"2025-01-04 03:00:00",63.8,10.59,9.13
"2025-01-04 04:00:00",59.57,9.31,7.93
"2025-01-04 05:00:00",55.01,10.93,9.16
"2025-01-04 06:00:00",53.3,10.62,8.62
"2025-01-04 07:00:00",56.88,7.41,5.44
"2025-01-04 08:00:00",62.92,7.95,5.88
"2025-01-04 09:00:00",65.36,6.87,5.21
"2025-01-04 10:00:00",7.08,7.86,5.52
"2025-01-04 11:00:00",82.02,12.98,9.09
"2025-01-04 12:00:00",88.66,18.43,12.88
"2025-01-04 13:00:00",91.6,25.7,21.6
"2025-01-04 14:00:00",84.94,24.29,19.85
"2025-01-04 15:00:00",91.57,26.09,22.69
"2025-01-04 16:00:00",67.52,19.38,16.17
"2025-01-04 17:00:00",66.86,17.53,15.76
"2025-01-04 18:00:00",54.92,19.99,17.51
"2025-01-04 19:00:00",14.23,10.63,7.66
"2025-01-04 20:00:00",10.38,7.97,5.48
"2025-01-04 21:00:00",8.68,6.35,4.46
"2025-01-04 22:00:00",10.7,5.49,3.57
"2025-01-04 23:00:00",23.95,5.42,3.01
"2025-01-05 00:00:00",18.97,5.32,2.66
"2025-01-05 01:00:00",10.64,4.77,2.23
"2025-01-05 02:00:00",10.53,4.45,2.51
"2025-01-05 03:00:00",11.1,4.04,2.38
"2025-01-05 04:00:00",10.51,4.04,2.1
"2025-01-05 05:00:00",8.52,5.05,2.5
"2025-01-05 06:00:00",7.27,6.31,2.48
"2025-01-05 07:00:00",7.97,6.08,2.48
"2025-01-05 08:00:00",10.81,7.04,2.55
"2025-01-05 09:00:00",11.6,6.98,2.57
"2025-01-05 10:00:00",14.22,7.92,3.08
"2025-01-05 11:00:00",17.48,5.66,2.73
"2025-01-05 12:00:00",29.7,7.42,3.29
"2025-01-05 13:00:00",28.15,6.86,3.62
"2025-01-05 14:00:00",26.62,5.22,3.38
"2025-01-05 15:00:00",18.27,6.11,3.87
"2025-01-05 16:00:00",55.49,6.29,5.06
"2025-01-05 17:00:00",79.66,8.87,7.27
"2025-01-05 18:00:00",43.97,7.08,5.85
"2025-01-05 19:00:00",65.95,9.17,7.18
"2025-01-05 20:00:00",49.51,8.64,6.34
"2025-01-05 21:00:00",41.27,5.99,4.52
"2025-01-05 22:00:00",28.79,4.98,3.92
"2025-01-05 23:00:00",28.35,5.5,4.62
"2025-01-06 00:00:00",37.29,6.54,5.64
"2025-01-06 01:00:00",35.66,4.75,4.16
"2025-01-06 02:00:00",41.84,4.91,3.89
"2025-01-06 03:00:00",51.63,3.53,2.95
"2025-01-06 04:00:00",42.87,4.02,2.57
"2025-01-06 05:00:00",48.74,3.95,2.56
"2025-01-06 06:00:00",47.54,5.1,3.2
"2025-01-06 07:00:00",45.06,5.86,3.28
"2025-01-06 08:00:00",56.23,5.99,3.34
"2025-01-06 09:00:00",55.95,7.13,5.17
"2025-01-06 10:00:00",52.42,5.73,3.13
"2025-01-06 11:00:00",40.01,5.26,3.27
"2025-01-06 12:00:00",34.72,5.51,3.39
"2025-01-06 13:00:00",34.27,4.81,3.13
"2025-01-06 14:00:00",38.22,4.48,2.96
"2025-01-06 15:00:00",43.75,4.87,3.12
"2025-01-06 16:00:00",47.3,6.3,3.7
"2025-01-06 17:00:00",50.86,9.32,6.29
"2025-01-06 18:00:00",46.65,12.83,8.23
"2025-01-06 19:00:00",37.91,14.45,9.34
"2025-01-06 20:00:00",34.65,13.63,8.94
"2025-01-06 21:00:00",26.22,12.47,7.92
"2025-01-06 22:00:00",17.97,10.32,6.59
"2025-01-06 23:00:00",18.53,8.54,5.47
"2025-01-07 00:00:00",26.9,6.84,4.34
"2025-01-07 01:00:00",30.9,5.03,3.77
"2025-01-07 02:00:00",21.43,3.4,2.87
"2025-01-07 03:00:00",26.85,4.55,3.59
"2025-01-07 04:00:00",31.54,6.88,5.6
"2025-01-07 05:00:00",22.67,5.08,4.3
"2025-01-07 06:00:00",48.42,3.74,2.92
"2025-01-07 07:00:00",54.02,3.23,1.9
"2025-01-07 08:00:00",59.03,4.13,2.04
"2025-01-07 09:00:00",59.04,5.65,3.03
"2025-01-07 10:00:00",50.81,6.43,3.58
"2025-01-07 11:00:00",48.23,7.12,4.11
"2025-01-07 12:00:00",46.97,7.1,4.02
"2025-01-07 13:00:00",43.75,6.47,4.09
"2025-01-07 14:00:00",45.33,5.07,3.32
"2025-01-07 15:00:00",52.13,5.45,3.28
"2025-01-07 16:00:00",58.01,5.38,3.32
"2025-01-07 17:00:00",68.02,7.77,5.7
"2025-01-07 18:00:00",73.55,10.54,8.62
"2025-01-07 19:00:00",52.49,11.12,8.82
"2025-01-07 20:00:00",49.02,13.67,11.35
"2025-01-07 21:00:00",47.53,15.43,13
"2025-01-07 22:00:00",36.78,16.16,14.07
"2025-01-07 23:00:00",40.13,15.45,13.65
"2025-01-08 00:00:00",41.39,14.37,12.23
"2025-01-08 01:00:00",52.23,14.99,12.67
"2025-01-08 02:00:00",35.07,13.38,11.12
"2025-01-08 03:00:00",52.84,11.46,9.35
"2025-01-08 04:00:00",61.89,13.65,11.59
"2025-01-08 05:00:00",58.82,15.3,14.62
"2025-01-08 06:00:00",50.21,16.17,14.8
"2025-01-08 07:00:00",55.55,13.7,13.04
"2025-01-08 08:00:00",67.61,13.87,13.28
"2025-01-08 09:00:00",75.5,14.27,13.55
"2025-01-08 10:00:00",69.79,15.75,14.56
"2025-01-08 11:00:00",71.13,19.51,16.96
"2025-01-08 12:00:00",76.69,25.88,23.24
"2025-01-08 13:00:00",72.21,24.96,22.17
"2025-01-08 14:00:00",69.92,25.69,22.49
"2025-01-08 15:00:00",80.55,27.9,22.24
"2025-01-08 16:00:00",68.98,28.44,23.1
"2025-01-08 17:00:00",88.59,37.82,30.66
"2025-01-08 18:00:00",80.58,33.25,28.03
"2025-01-08 19:00:00",70.46,35.95,31.27
"2025-01-08 20:00:00",75.3,70.7,65.83
"2025-01-08 21:00:00",69.9,63.91,59.91
"2025-01-08 22:00:00",65.33,74.65,70.7
"2025-01-08 23:00:00",56.82,63.93,60.32
"2025-01-09 00:00:00",51.76,42.29,39.31
"2025-01-09 01:00:00",47.95,30.93,28.26
"2025-01-09 02:00:00",42.39,29.1,26.53
"2025-01-09 03:00:00",33.35,24.27,22.53
"2025-01-09 04:00:00",25.93,23.84,22.07
"2025-01-09 05:00:00",17.74,26.04,24.99
"2025-01-09 06:00:00",24.69,23.42,22.75
"2025-01-09 07:00:00",34.38,16.19,15.78
"2025-01-09 08:00:00",51.24,14.71,13.97
"2025-01-09 09:00:00",55.9,13.96,12.99
"2025-01-09 10:00:00",57.04,13.74,12.07
"2025-01-09 11:00:00",46.8,14.15,11.87
"2025-01-09 12:00:00",44.52,11.56,9.42
"2025-01-09 13:00:00",50.06,10.55,8.97
"2025-01-09 14:00:00",55.83,10.07,8.71
"2025-01-09 15:00:00",53.03,12.62,9.78
"2025-01-09 16:00:00",57.07,13.04,10.41
"2025-01-09 17:00:00",72.32,15.57,12.7
"2025-01-09 18:00:00",72.71,20.29,16.07
"2025-01-09 19:00:00",70.7,23.01,19.48
"2025-01-09 20:00:00",64.16,21.84,19.03
"2025-01-09 21:00:00",68.56,27.48,23.19
"2025-01-09 22:00:00",68.47,32.04,29.86
"2025-01-09 23:00:00",80.18,50.74,47.78
"2025-01-10 00:00:00",65.92,58.16,55.3
"2025-01-10 01:00:00",70.69,54.41,51.77
"2025-01-10 02:00:00",62.16,47.58,45.28
"2025-01-10 03:00:00",66.89,46.86,44.44
"2025-01-10 04:00:00",54.9,47.95,45.78
"2025-01-10 05:00:00",59.86,51.36,48.98
"2025-01-10 06:00:00",57.33,44.36,41.37
"2025-01-10 07:00:00",90.6,43.9,40.82
"2025-01-10 08:00:00",78.55,43.87,40.06
"2025-01-10 09:00:00",53.34,20.16,14.23
"2025-01-10 10:00:00",38.89,11.14,4.66
"2025-01-10 11:00:00",26.94,9.51,4.28
"2025-01-10 12:00:00",26.31,9.37,4.42
"2025-01-10 13:00:00",26.14,10.8,4.67
"2025-01-10 14:00:00",25.04,9.2,4.26
"2025-01-10 15:00:00",20.46,9.32,4.13
"2025-01-10 16:00:00",19.74,9.75,4.48
"2025-01-10 17:00:00",18.77,10.2,5.11
"2025-01-10 18:00:00",20.41,10.96,6.19
"2025-01-10 19:00:00",15.33,13.07,7.63
"2025-01-10 20:00:00",13.42,13.44,8.31
"2025-01-10 21:00:00",11.92,12.98,8.11
"2025-01-10 22:00:00",10.42,13.12,7.41
"2025-01-10 23:00:00",9.57,12.26,6.95
"2025-01-11 00:00:00",7.61,11.38,5.87
"2025-01-11 01:00:00",6.71,10.57,5.24
"2025-01-11 02:00:00",5.8,8.73,4.58
"2025-01-11 03:00:00",4.93,7.43,4.31
"2025-01-11 04:00:00",4.96,8.66,4.36
"2025-01-11 05:00:00",5.04,7.32,4.34
"2025-01-11 06:00:00",5.65,7.86,4.9
"2025-01-11 07:00:00",7.45,7.82,4.94
"2025-01-11 08:00:00",10.45,4.57,3.17
"2025-01-11 09:00:00",12.78,2.84,2.01
"2025-01-11 10:00:00",15.6,3.42,2.3
"2025-01-11 11:00:00",39.41,3.56,2.13
"2025-01-11 12:00:00",39,5.52,3.38
"2025-01-11 13:00:00",33.74,3.13,2.07
"2025-01-11 14:00:00",35,4.08,3.05
"2025-01-11 15:00:00",42.61,5.09,4
"2025-01-11 16:00:00",51.86,6.21,5.43
"2025-01-11 17:00:00",56.41,7.4,6.69
"2025-01-11 18:00:00",64.02,9.67,8.8
"2025-01-11 19:00:00",70.78,15.73,13.26
"2025-01-11 20:00:00",47.91,18.13,16.47
"2025-01-11 21:00:00",45.83,21.47,20.49
"2025-01-11 22:00:00",44.97,40.23,39.01
"2025-01-11 23:00:00",49.04,42.82,40.89
"2025-01-12 00:00:00",48.41,33.31,32.68
"2025-01-12 01:00:00",45.85,29.16,28.63
"2025-01-12 02:00:00",54.83,31.02,30.58
"2025-01-12 03:00:00",43.74,22.7,22.22
"2025-01-12 04:00:00",40.6,17.08,16.85
"2025-01-12 05:00:00",34.15,14.66,14.38
"2025-01-12 06:00:00",30.39,15.2,14.82
"2025-01-12 07:00:00",29.76,13.72,13.08
"2025-01-12 08:00:00",31.25,14.03,13.15
"2025-01-12 09:00:00",36.49,14.18,13.13
"2025-01-12 10:00:00",41.62,16.07,14.74
"2025-01-12 11:00:00",46.85,18.57,16.59
"2025-01-12 12:00:00",87.38,21.11,19.18
"2025-01-12 13:00:00",75.34,19.71,17.44
"2025-01-12 14:00:00",57.96,16.17,13.22
"2025-01-12 15:00:00",31.98,8.63,5.87
"2025-01-12 16:00:00",20.76,6.55,4.42
"2025-01-12 17:00:00",27.03,10.57,7.87
"2025-01-12 18:00:00",59.01,13.16,10.61
"2025-01-12 19:00:00",63.27,14.03,10.9
"2025-01-12 20:00:00",31.63,7.91,6.03
"2025-01-12 21:00:00",46.38,9.68,7.59
"2025-01-12 22:00:00",17.52,8.55,6.22
"2025-01-12 23:00:00",10.54,7.53,5.31
"2025-01-13 00:00:00",10.06,5.51,3.96
"2025-01-13 01:00:00",20.85,2.26,1.75
"2025-01-13 02:00:00",8.89,1.1,0.63
"2025-01-13 03:00:00",4.12,0.49,0.25
"2025-01-13 04:00:00",5.08,0.34,0.15
"2025-01-13 05:00:00",5.89,0.4,0.25
"2025-01-13 06:00:00",11.24,0.99,0.54
"2025-01-13 07:00:00",37.15,1.65,1.17
"2025-01-13 08:00:00",25.8,1.68,1.05
"2025-01-13 09:00:00",25.07,3.55,2.44
"2025-01-13 10:00:00",36.47,2.78,1.44
"2025-01-13 11:00:00",26.73,2.37,1.28
"2025-01-13 12:00:00",25.8,3.65,2.13
"2025-01-13 13:00:00",24.34,4.37,2.53
"2025-01-13 14:00:00",32.27,5.18,3.06
"2025-01-13 15:00:00",32.3,6.15,3.97
"2025-01-13 16:00:00",31.37,5.17,3.19
"2025-01-13 17:00:00",33.03,3.97,2.88
"2025-01-13 18:00:00",28.95,4.9,3.5
"2025-01-13 19:00:00",28.02,3.62,2.98
"2025-01-13 20:00:00",26.05,4.74,3.65
"2025-01-13 21:00:00",19.34,5.47,4.21
"2025-01-13 22:00:00",14.84,4.45,3.6
"2025-01-13 23:00:00",12.34,2.71,2.29
"2025-01-14 00:00:00",19.12,2.37,1.97
"2025-01-14 01:00:00",13.09,1.91,1.53
"2025-01-14 02:00:00",14.11,1.11,0.84
"2025-01-14 03:00:00",22.52,1.26,0.95
"2025-01-14 04:00:00",11.67,1.43,1.12
"2025-01-14 05:00:00",8.92,1.65,1.18
"2025-01-14 06:00:00",24.01,1.86,1.36
"2025-01-14 07:00:00",48.09,1.5,1.08
"2025-01-14 08:00:00",57.82,3.63,1.54
"2025-01-14 09:00:00",46.8,7.53,2.34
"2025-01-14 10:00:00",44.86,3.93,1.92
"2025-01-14 11:00:00",41.95,5.11,2.41
"2025-01-14 12:00:00",45.95,3.79,1.96
"2025-01-14 13:00:00",39.68,3.51,1.89
"2025-01-14 14:00:00",44.21,3.49,2.1
"2025-01-14 15:00:00",59.16,6.71,3.31
"2025-01-14 16:00:00",58.57,5.06,2.86
"2025-01-14 17:00:00",57.81,6.09,3.74
"2025-01-14 18:00:00",47.08,6,3.35
"2025-01-14 19:00:00",44.39,4.76,3.57
"2025-01-14 20:00:00",39.05,6.58,5.13
"2025-01-14 21:00:00",31.05,6,4.74
"2025-01-14 22:00:00",26.29,4.78,4.28
"2025-01-14 23:00:00",19.84,2.83,2.34
"2025-01-15 00:00:00",37.38,3.02,2.36
"2025-01-15 01:00:00",60.28,4.61,3.5
"2025-01-15 02:00:00",35.18,5.47,4.22
"2025-01-15 03:00:00",49.56,6.9,6
"2025-01-15 04:00:00",49.57,7.54,6.19
"2025-01-15 05:00:00",37.78,9,7.42
"2025-01-15 06:00:00",78.21,10.11,7.84
"2025-01-15 07:00:00",98.48,12.11,9.4
"2025-01-15 08:00:00",115.06,12.33,8.04
"2025-01-15 09:00:00",101.26,14.73,8.82
"2025-01-15 10:00:00",109.6,17.39,9.84
"2025-01-15 11:00:00",131.84,28.52,14.41
"2025-01-15 12:00:00",94.27,41.87,17.63
"2025-01-15 13:00:00",79.43,34.24,10.42
"2025-01-15 14:00:00",76.17,27.97,7.54
"2025-01-15 15:00:00",72.06,27.91,5.87
"2025-01-15 16:00:00",75.15,21.73,5.06
"2025-01-15 17:00:00",81.87,23.91,6.28
"2025-01-15 18:00:00",77.69,31.11,8.59
"2025-01-15 19:00:00",87.04,34.12,18.77
"2025-01-15 20:00:00",84.58,39,25.15
"2025-01-15 21:00:00",85.9,36.29,27.23
"2025-01-15 22:00:00",73.13,42.35,32.33
"2025-01-15 23:00:00",73.18,31.85,25.31
"2025-01-16 00:00:00",82.68,29.64,19.68
"2025-01-16 01:00:00",74.9,30.28,22.72
"2025-01-16 02:00:00",66.77,25.92,20.55
"2025-01-16 03:00:00",64.73,17.99,15
"2025-01-16 04:00:00",44.71,12.38,9.62
"2025-01-16 05:00:00",54.1,10.46,7.86
"2025-01-16 06:00:00",81.46,9.32,7.26
"2025-01-16 07:00:00",92.01,12.95,9.18
"2025-01-16 08:00:00",114,14.79,10.23
"2025-01-16 09:00:00",108.34,16.96,11.37
"2025-01-16 10:00:00",122.55,24.62,13.55
"2025-01-16 11:00:00",110.55,27.1,15.74
"2025-01-16 12:00:00",77.98,16.45,9.94
"2025-01-16 13:00:00",64.79,13.43,7.49
"2025-01-16 14:00:00",75.06,22.33,9.5
"2025-01-16 15:00:00",81,16.79,7.17
"2025-01-16 16:00:00",68.86,26.04,8.19
"2025-01-16 17:00:00",57.86,15.73,6.71
"2025-01-16 18:00:00",67.41,13.45,6.9
"2025-01-16 19:00:00",82.33,17.38,9.26
"2025-01-16 20:00:00",81.1,21.31,13.43
"2025-01-16 21:00:00",86.57,41.14,32.84
"2025-01-16 22:00:00",65.9,22.57,11.64
"2025-01-16 23:00:00",64.5,12.45,7.14
"2025-01-17 00:00:00",54.86,13.1,5.73
"2025-01-17 01:00:00",39.43,14.27,6.19
"2025-01-17 02:00:00",24.57,9.52,6.5
"2025-01-17 03:00:00",17.57,10.03,6.83
"2025-01-17 04:00:00",15.57,10.67,7.12
"2025-01-17 05:00:00",10.77,9.86,6.39
"2025-01-17 06:00:00",43.35,10.75,6.7
"2025-01-17 07:00:00",48.27,10.66,6.74
"2025-01-17 08:00:00",89.27,12.67,7.66
"2025-01-17 09:00:00",92.24,17.9,10.21
"2025-01-17 10:00:00",87.38,25.1,12.42
"2025-01-17 11:00:00",92.89,23.36,12.32
"2025-01-17 12:00:00",73.44,16.75,8.96
"2025-01-17 13:00:00",46.05,12.65,5.81
"2025-01-17 14:00:00",42.66,11.01,4.79
"2025-01-17 15:00:00",57.87,20.12,7.17
"2025-01-17 16:00:00",86.27,17.2,8.05
"2025-01-17 17:00:00",89.27,15.44,9.19
"2025-01-17 18:00:00",91.86,21.34,15.36
"2025-01-17 19:00:00",83.96,28.3,21.06
"2025-01-17 20:00:00",80.64,48.8,40.57
"2025-01-17 21:00:00",80.13,61.39,55.17
"2025-01-17 22:00:00",83.75,48.47,43.86
"2025-01-17 23:00:00",81.74,53.92,49.08
"2025-01-18 00:00:00",85.83,43.71,38.78
"2025-01-18 01:00:00",68.13,32.52,29.33
"2025-01-18 02:00:00",57.02,29.66,27.05
"2025-01-18 03:00:00",70.34,30.25,27.82
"2025-01-18 04:00:00",64.82,25.73,23.37
"2025-01-18 05:00:00",34.27,21.17,18.96
"2025-01-18 06:00:00",61.65,17.09,15.41
"2025-01-18 07:00:00",77.6,18.11,15.85
"2025-01-18 08:00:00",76.35,20.7,18.65
"2025-01-18 09:00:00",64.45,20.4,17.38
"2025-01-18 10:00:00",71.36,22.04,18.81
"2025-01-18 11:00:00",85.84,28.85,23.88
"2025-01-18 12:00:00",98.81,26.87,21.31
"2025-01-18 13:00:00",71.4,17.89,12.22
"2025-01-18 14:00:00",28.15,12.61,7.69
"2025-01-18 15:00:00",41.58,13.32,8.3
"2025-01-18 16:00:00",30.4,14.08,7.95
"2025-01-18 17:00:00",37.4,14.37,9.07
"2025-01-18 18:00:00",21.53,16.69,11.67
"2025-01-18 19:00:00",13.45,18.71,13.78
"2025-01-18 20:00:00",39.76,21.12,15.84
"2025-01-18 21:00:00",61.36,23.6,19.1
"2025-01-18 22:00:00",94.06,31.63,27.6
"2025-01-18 23:00:00",25.14,17.48,13.62
"2025-01-19 00:00:00",41.08,16.61,12.23
"2025-01-19 01:00:00",63.91,23.75,18.66
"2025-01-19 02:00:00",39.77,21.93,17.08
"2025-01-19 03:00:00",52.66,21.29,18.34
"2025-01-19 04:00:00",38.64,20.65,18.06
"2025-01-19 05:00:00",41.33,19.86,17.45
"2025-01-19 06:00:00",30.68,18.72,16.66
"2025-01-19 07:00:00",40.2,18.92,16.37
"2025-01-19 08:00:00",27.29,15.29,12.76
"2025-01-19 09:00:00",9.87,16.93,13.31
"2025-01-19 10:00:00",12.33,18.16,13.44
"2025-01-19 11:00:00",14.95,17.17,13.78
"2025-01-19 12:00:00",14.38,17.25,14.54
"2025-01-19 13:00:00",10.49,18.69,15.97
"2025-01-19 14:00:00",11.3,22.21,18.68
"2025-01-19 15:00:00",12.67,21.68,18.15
"2025-01-19 16:00:00",15.15,21.47,17.49
"2025-01-19 17:00:00",40.22,19.86,16.64
"2025-01-19 18:00:00",37.59,21.48,17.93
"2025-01-19 19:00:00",52.1,27.07,22.92
"2025-01-19 20:00:00",60.78,35.19,31.27
"2025-01-19 21:00:00",48.27,27.46,24.36
"2025-01-19 22:00:00",26.03,24.28,21.07
"2025-01-19 23:00:00",54.79,24.32,21.33
"2025-01-20 00:00:00",52.89,27.52,24.68
"2025-01-20 01:00:00",14.88,11.01,9.5
"2025-01-20 02:00:00",32.55,13.27,11.41
"2025-01-20 03:00:00",28.35,15.81,13.22
"2025-01-20 04:00:00",19.14,10.18,8.71
"2025-01-20 05:00:00",34.34,10.15,8.98
"2025-01-20 06:00:00",53.3,13.09,11.2
"2025-01-20 07:00:00",62.62,14.02,11.03
"2025-01-20 08:00:00",71.3,15.74,12.23
"2025-01-20 09:00:00",72.96,16.82,11.13
"2025-01-20 10:00:00",70.35,14.98,9.79
"2025-01-20 11:00:00",76.51,23.32,14.69
"2025-01-20 12:00:00",68.81,20.08,14.37
"2025-01-20 13:00:00",66.93,20.68,14.92
"2025-01-20 14:00:00",62.82,22.25,14.94
"2025-01-20 15:00:00",51.77,20.82,13.41
"2025-01-20 16:00:00",74.94,17,11.98
"2025-01-20 17:00:00",58.99,15.64,11.37
"2025-01-20 18:00:00",58.86,11.24,9.22
"2025-01-20 19:00:00",53.71,17.04,12.06
"2025-01-20 20:00:00",51.13,12.86,11.29
"2025-01-20 21:00:00",45.03,11.87,10.93
"2025-01-20 22:00:00",33.01,15.19,12.04
"2025-01-20 23:00:00",37.43,18.34,14.84
"2025-01-21 00:00:00",39.24,15.69,14.15
"2025-01-21 01:00:00",29.03,13.49,12.04
"2025-01-21 02:00:00",20.96,13.39,12.04
"2025-01-21 03:00:00",51.37,14.88,13.66
"2025-01-21 04:00:00",43.39,14.61,13.36
"2025-01-21 05:00:00",24.73,15.2,14.14
"2025-01-21 06:00:00",55.99,16.94,15.13
"2025-01-21 07:00:00",70.29,16.38,13.77
"2025-01-21 08:00:00",81.06,15.98,12.88
"2025-01-21 09:00:00",80.69,13.44,10.4
"2025-01-21 10:00:00",75.41,12.52,9.71
"2025-01-21 11:00:00",68.1,10.93,8.46
"2025-01-21 12:00:00",64.56,8.8,5.69
"2025-01-21 13:00:00",62.65,7.54,4.32
"2025-01-21 14:00:00",67.23,6.94,4.81
"2025-01-21 15:00:00",59.33,10.83,6.17
"2025-01-21 16:00:00",52.3,10.4,4.52
"2025-01-21 17:00:00",65.1,16.57,6.61
"2025-01-21 18:00:00",78.48,24.49,10.95
"2025-01-21 19:00:00",69.82,26.92,14.63
"2025-01-21 20:00:00",53.03,15.97,11.86
"2025-01-21 21:00:00",44.56,18.57,11.56
"2025-01-21 22:00:00",33.95,14.31,9.62
"2025-01-21 23:00:00",38.29,13.29,11.14
"2025-01-22 00:00:00",45.25,19.71,8.61
"2025-01-22 01:00:00",31.94,14.23,6.04
"2025-01-22 02:00:00",28.64,15.76,7.72
"2025-01-22 03:00:00",32.38,8.09,6.56
"2025-01-22 04:00:00",40.36,8.01,6.05
"2025-01-22 05:00:00",32.07,7.01,5.31
"2025-01-22 06:00:00",61.34,9.71,8.35
"2025-01-22 07:00:00",76.97,11.01,9.52
"2025-01-22 08:00:00",61.92,12.43,10.48
"2025-01-22 09:00:00",59.75,16.6,14.42
"2025-01-22 10:00:00",66.03,15.91,13.96
"2025-01-22 11:00:00",71.79,11.91,9.23
"2025-01-22 12:00:00",74.29,9.76,7.18
"2025-01-22 13:00:00",71.24,9.72,6.28
"2025-01-22 14:00:00",80.52,9.02,3.65
"2025-01-22 15:00:00",73.1,9.73,4.98
"2025-01-22 16:00:00",63.94,8.68,4.58
"2025-01-22 17:00:00",59.42,11.94,5.45
"2025-01-22 18:00:00",38.75,11.87,6.89
"2025-01-22 19:00:00",34.41,17.11,11.96
"2025-01-22 20:00:00",37.78,12.45,10.24
"2025-01-22 21:00:00",36.1,13.4,10.97
"2025-01-22 22:00:00",55.66,19.13,16.78
"2025-01-22 23:00:00",61.97,22.22,19.07
"2025-01-23 00:00:00",52.37,11.76,10.26
"2025-01-23 01:00:00",25.65,10.11,9.18
"2025-01-23 02:00:00",16.99,7.9,6.69
"2025-01-23 03:00:00",23.31,8.68,5.83
"2025-01-23 04:00:00",27.55,7.29,4.41
"2025-01-23 05:00:00",17.32,5.52,2.84
"2025-01-23 06:00:00",10.42,3.81,1.92
"2025-01-23 07:00:00",13.89,3.36,1.84
"2025-01-23 08:00:00",31.52,3.7,1.85
"2025-01-23 09:00:00",38.36,6.49,2.26
"2025-01-23 10:00:00",69.6,6.52,2.67
"2025-01-23 11:00:00",47.67,6.03,2.72
"2025-01-23 12:00:00",34.85,7.62,2.67
"2025-01-23 13:00:00",35.94,6.29,3.28
"2025-01-23 14:00:00",39.09,8.17,4.18
"2025-01-23 15:00:00",44.06,10.24,4.95
"2025-01-23 16:00:00",53.14,7.25,4.25
"2025-01-23 17:00:00",57.17,11.34,5.51
"2025-01-23 18:00:00",49.36,13.95,7.28
"2025-01-23 19:00:00",39.49,13.92,9.23
"2025-01-23 20:00:00",24.51,15.55,9.25
"2025-01-23 21:00:00",16.27,14.79,8.92
"2025-01-23 22:00:00",9.98,12.75,7.23
"2025-01-23 23:00:00",5.09,7.96,5.24
"2025-01-24 00:00:00",2.88,6.99,4.71
"2025-01-24 01:00:00",2.28,4.87,3.35
"2025-01-24 02:00:00",1.85,0.95,0.47
"2025-01-24 03:00:00",0.86,2.37,1.08
"2025-01-24 04:00:00",0.31,13.97,7.35
"2025-01-24 05:00:00",1.19,14.41,7.94
"2025-01-24 06:00:00",1.27,14.43,7.57
"2025-01-24 07:00:00",1.15,17.14,9.42
"2025-01-24 08:00:00",1.69,16.03,8.49
"2025-01-24 09:00:00",0.99,12.18,6.28
"2025-01-24 10:00:00",1.39,20.72,10.72
"2025-01-24 11:00:00",1.55,18.31,9.82
"2025-01-24 12:00:00",3.27,22.37,10.89
"2025-01-24 13:00:00",11.05,20.83,10.21
"2025-01-24 14:00:00",10.29,20.51,9.41
"2025-01-24 15:00:00",15.88,15.21,6.64
"2025-01-24 16:00:00",23.78,8.67,4.52
"2025-01-24 17:00:00",21.62,8.03,4.72
"2025-01-24 18:00:00",20.75,4.35,2.88
"2025-01-24 19:00:00",26.63,5.58,4.1
"2025-01-24 20:00:00",19.54,5.24,3.73
"2025-01-24 21:00:00",19.33,7.11,4.16
"2025-01-24 22:00:00",22.83,9.8,5.7
"2025-01-24 23:00:00",12.87,9.24,5.15
"2025-01-25 00:00:00",13.41,7.67,4.23
"2025-01-25 01:00:00",10.02,8.71,4.57
"2025-01-25 02:00:00",6.5,6.71,3.69
"2025-01-25 03:00:00",12.44,4.37,2.2
"2025-01-25 04:00:00",9.91,5.66,2.65
"2025-01-25 05:00:00",8.77,8.64,3.7
"2025-01-25 06:00:00",14.95,8.54,4.18
"2025-01-25 07:00:00",17.61,7.77,3.71
"2025-01-25 08:00:00",31.34,8.36,3.97
"2025-01-25 09:00:00",30.86,9.76,4.62
"2025-01-25 10:00:00",33.81,8.67,4.01
"2025-01-25 11:00:00",47.8,9.01,4.12
"2025-01-25 12:00:00",36.92,10.54,4.13
"2025-01-25 13:00:00",39.64,15.52,4.5
"2025-01-25 14:00:00",26.67,12.35,3.94
"2025-01-25 15:00:00",20,9.84,3.13
"2025-01-25 16:00:00",14.58,9.64,3.52
"2025-01-25 17:00:00",21.11,10.87,4.52
"2025-01-25 18:00:00",18.05,4.86,3.16
"2025-01-25 19:00:00",24.48,4.89,3.88
"2025-01-25 20:00:00",24.58,6.41,4.06
"2025-01-25 21:00:00",21.96,6.43,4.46
"2025-01-25 22:00:00",31.14,6.47,4.87
"2025-01-25 23:00:00",25.76,6.21,4.39
"2025-01-26 00:00:00",30.24,5.94,4.19
"2025-01-26 01:00:00",33.55,6.89,4.32
"2025-01-26 02:00:00",35.28,5.83,3.61
"2025-01-26 03:00:00",43.21,8.81,5.07
"2025-01-26 04:00:00",26.38,8.64,4.52
"2025-01-26 05:00:00",10.42,8,3.31
"2025-01-26 06:00:00",18.41,6.56,3.15
"2025-01-26 07:00:00",10.89,6.98,3.27
"2025-01-26 08:00:00",11.74,8.75,3.65
"2025-01-26 09:00:00",6.97,11.46,5.44
"2025-01-26 10:00:00",8.79,12.78,5.92
"2025-01-26 11:00:00",7.7,13.43,6.42
"2025-01-26 12:00:00",7.52,14.64,7.47
"2025-01-26 12:01:00",,,
"2025-01-26 13:01:00",,,
"2025-01-26 14:00:00",2.27,15.34,9.24
"2025-01-26 15:00:00",9.84,15.8,9.47
"2025-01-26 16:00:00",12.06,6.81,4.73
"2025-01-26 17:00:00",19.39,18.33,10.21
"2025-01-26 18:00:00",25.5,31.69,16.52
"2025-01-26 19:00:00",24.67,30.82,17.74
"2025-01-26 20:00:00",16.81,15.48,9.66
"2025-01-26 21:00:00",35.73,14.55,8.16
"2025-01-26 22:00:00",15.65,19.66,10.06
"2025-01-26 23:00:00",19.61,20.96,11.31
"2025-01-27 00:00:00",14.46,23.2,12.18
"2025-01-27 01:00:00",8.32,10.62,5.98
"2025-01-27 02:00:00",13.48,11.57,5.86
"2025-01-27 03:00:00",9.3,13.16,6.45
"2025-01-27 04:00:00",4.53,15.55,7.37
"2025-01-27 05:00:00",6.39,24.55,11.79
"2025-01-27 06:00:00",11.31,23.97,12.19
"2025-01-27 07:00:00",19.42,14.24,7.16
"2025-01-27 08:00:00",20.91,3.4,2
"2025-01-27 09:00:00",23.26,9.6,6.06
"2025-01-27 10:00:00",31.21,16.11,8.46
"2025-01-27 11:00:00",21.16,16.23,8.48
"2025-01-27 12:00:00",16.86,12.54,6.61
"2025-01-27 13:00:00",13.61,5.74,3.5
"2025-01-27 14:00:00",14.73,4.65,2.85
"2025-01-27 15:00:00",14.02,5.49,2.68
"2025-01-27 16:00:00",19.21,6.12,3.35
"2025-01-27 17:00:00",25.76,5.63,2.83
"2025-01-27 18:00:00",35.16,5.56,3.72
"2025-01-27 19:00:00",30.54,11.27,7.73
"2025-01-27 20:00:00",34.71,16.78,11.44
"2025-01-27 21:00:00",34.89,30.47,18.22
"2025-01-27 22:00:00",42.79,39.58,23.12
"2025-01-27 23:00:00",51.72,28.76,17.28
"2025-01-28 00:00:00",102.69,20.9,16.13
"2025-01-28 01:00:00",83.48,16.11,12.72
"2025-01-28 02:00:00",31.47,9.62,7.61
"2025-01-28 03:00:00",34.08,15.36,12.48
"2025-01-28 04:00:00",27.13,10.3,9.08
"2025-01-28 05:00:00",12.39,8.9,7.94
"2025-01-28 06:00:00",50.95,10.75,8.98
"2025-01-28 07:00:00",44.48,7.84,5.95
"2025-01-28 08:00:00",35.54,2.83,1.69
"2025-01-28 09:00:00",59.83,3.38,2.23
"2025-01-28 10:00:00",51.99,3.34,2.25
"2025-01-28 11:00:00",52.33,7.1,5.38
"2025-01-28 12:00:00",46.86,10.32,7.41
"2025-01-28 13:00:00",39.26,6.56,4.8
"2025-01-28 14:00:00",47.14,5.79,4.15
"2025-01-28 15:00:00",47.52,5.86,3.44
"2025-01-28 16:00:00",53.67,4.99,2.71
"2025-01-28 17:00:00",58.36,5.86,3.2
"2025-01-28 18:00:00",58.91,8.58,5.22
"2025-01-28 19:00:00",57.17,10.76,6.87
"2025-01-28 20:00:00",36.12,10.23,6.88
"2025-01-28 21:00:00",28.18,9.67,6.83
"2025-01-28 22:00:00",29.69,8.82,6.65
"2025-01-28 23:00:00",31.45,7.98,5.98
"2025-01-29 00:00:00",21.3,7.62,6.05
"2025-01-29 01:00:00",19.1,6.89,5.37
"2025-01-29 02:00:00",13.6,8.54,6.35
"2025-01-29 03:00:00",17.22,6.65,5.02
"2025-01-29 04:00:00",14.93,6.98,5.03
"2025-01-29 05:00:00",15.71,7.96,5.22
"2025-01-29 06:00:00",48.39,8.15,5.5
"2025-01-29 07:00:00",65.9,9.49,6.05
"2025-01-29 08:00:00",72.95,10.03,6.76